"name","mean_importance","sd_importance","ymax_importance","ymin_importance"
"EGF",2.86393893035128,0.256701611113358,3.12064054146464,2.60723731923793
"IL2",3.7962465767493,0.768234335150194,4.56448091189949,3.02801224159911
"VCAM1",5.34154539309341,0.743199313842185,6.0847447069356,4.59834607925123
"TNFB",4.10438190342822,0.842128172922728,4.94651007635095,3.26225373050549
