"","mz","polarity","p_value"
"9831",333.169363899031,"positive",2.95408458597413
